Organism,subsequence,length_sub_seq,start_pos,predicted_structure,confidence
0.6851238058100995,0.5,-0.7968271925563859,2,helix,0.8550994
0.6851238058100995,1.0,-0.7968271925563859,3,strand,0.68661547
0.6851238058100995,0.8367548079126015,-0.7968271925563859,0,helix,0.5728822
0.6851238058100995,0.8367548079126015,-0.7968271925563859,1,helix,0.5728822
0.6851238058100995,0.8367548079126015,-0.7968271925563859,4,helix,0.5728822
0.6851238058100995,0.8367548079126015,-0.7968271925563859,5,helix,0.5728822
0.6851238058100995,0.8367548079126015,-0.7968271925563859,6,helix,0.5728822
